So many options,,,,
Oh la la,,,,
Oh how do i?,,,,
Oooo,,,,
When is sunset,,,,
IMG_20180925_163711_508.gif,,,,
These stickers ğŸ”¥,,,,
WHERE,,,,
Frustrated cockroach inside yellow circle says watch out in Portuguese,,,,
Cockroach sleeping in subway,,,,
Goodnight!,,,,
Gooooood morning gooooood morningg,,,,
We danced the whole night through goood morning good morning toooo you,,,,
Goooood morning goooooood morningg its great to stay up late goood morning my darling toooo youu ğŸ˜,,,,
ğŸ˜‚ğŸ˜‚ğŸ˜‚ğŸ˜‚ğŸ˜‚,,,,
Vakman thats a nice video you james cameron,,,,
What remix?,,,,
3,,,,
Wth,,,,
Dylan youâ€™ve voiced my concerns as well.,,,,
Just one more question; will there be low-carb options?,,,,
perhaps a fried lettuce wrap filled with cheese.......,,,,
brb,,,,
Coledre1100@gmail.com,,,,
amir you talking about making ur own gouda boys?...,,,,
IMG_20180926_173257_314.gif,,,,
Iâ€™m listening to bubba sparxxx like he just came out,,,,
IMG_20180926_180940_979.gif,,,,
Bout 9,,,,
ğŸ’¯,,,,
ğŸ”¥,,,,
Gooooood morning gooooood morninggggg,,,,
We dancedddd the whole night throughhh,,,,
Gooooood morninggg goooooood morninggg tooooo youuu,,,,
Gooood morning gooood morningggg!,,,,
Its great to stay up lateee,,,,
Goood morning my darlinggsss too youuuu,,,,
What time is it?,,,,
The ability to not laugh as a reaction is giving me anxiety,,,,
Iâ€™m down with the burn Iâ€™m in thereee ğŸ’¯,,,,
Kyle this right on time,,,,
Oh handle that my brother. KL Iâ€™m hoppin on at 9,,,,
Gotta get all the essentials out the way before play,,,,
IMG_20180928_093925_589.gif,,,,
Wayne nasty,,,,
This hittas joint cold,,,,
That mona lisa joint changed the whole vibe,,,,
That shit came in and i felt trapped,,,,
Wait a min,,,,
Logic said he had more verses than the bible,,,,
And i gotta sit down,,,,
Good morning eboooo,,,,
girl thats all this day been about,,,,
How you almost get snatched up at 9?,,,,
Absolute yay wayne still cold,,,,
My man wale said he used to be at lakeforest wit the kobe fro,,,,
Sad onion writing love letter,,,,
Its a girl who use her throat a lot,,,,
Wow that looks delicious,,,,
Yes she is,,,,
Boyyyy it dropped today too?,,,,
i already got my post 9pm playlist,,,,
Dylan bring my glasses,,,,
Gracias,,,,
Iâ€™m going for sure do they take card?,,,,
I got a handle of jim,,,,
If not ima take this and spin candles tonight,,,,
Iâ€™m in the crib round 6 bliss,,,,
He close tonight,,,,
Play despacito,,,,
Whats sax,,,,
Laughing llama,,,,
Otw to the crib now,,,,
Jamese i got some raspberry lemonade wit ur name on it pleighboi,,,,
Dylan are yall eating after yall get me? Cause i can wait for vakman i dont have an appetite,,,,
Wait yall just goin to wendys?,,,,
ğŸ˜‚ğŸ˜‚aight yeah i roll wit yall to african wendys,,,,
Thank you,,,,
https://soundcloud.com/maddecent/liz-y2k-prod-by-lidolido,,,,
ğŸ‘Œ(â—•â€¿â—•)ğŸ‘Œ,,,,
Iâ€™m bout leave out in like 20,,,,
Round 10:30 ill be there,,,,
Anybody wanna ride?,,,,
Iâ€™m on 270,,,,
Nah lynn came and she gotta drop her mom off at 11:30 so she was tryna dip early,,,,
Nah we otw to gc,,,,
Yeah we on 270,,,,
this bitch took 270s for 15 mins,,,,
Bruh,,,,
IMG_20180929_103404_419.jpg,,,,
No she somehow picked the wrong golden corral,,,,
Drove to silver spring,,,,
Before i found out she had the wrong directions,,,,
Ebo i have your hat,,,,
It was good,,,,
!!!,,,,
Lmao girl there were like 10,,,,
No lie,,,,
Ebo i left my jacket in your car,,,,
Iâ€™m about to study with lynn for her physics test then I donâ€™t know joe,,,,
ğŸ˜‚ğŸ˜‚ğŸ˜ğŸ˜‚ğŸ˜,,,,
I mean crib,,,,
Lmao fucking return to innocence,,,,
And debra cox,,,,
I. Cant. Breathe,,,,
Yeah but we about to do this test and be done,,,,
ğŸ’¯ğŸ’¯ ebo wyd in like 30 mins,,,,
Iâ€™m about to slide to the liq store,,,,
Ebo that bottle dead?,,,,
Iâ€™m with it,,,,
Oooo,,,,
I donâ€™t know joe you know them joints be 8 hour campaigns,,,,
Kyle goto the liqour store!,,,,
Ima cashapp dylan,,,,
!,,,,
wait unless u already left mircats,,,,
Bet let me know cause i think it close at 9,,,,
IMG_20180930_030748_384.gif,,,,
Ebo bottle and jacket please babe!,,,,
Yes maam,,,,
ğŸ™ˆ,,,,
Goooooooood morninggggg,,,,
Smoove that pardison fontaine,,,,
Jesuss,,,,
Bet Iâ€™m about to hop on carry me to 20,,,,
Bet,,,,
https://soundcloud.com/forwardthinkers/7th-and-los-angeles-12-57-am,,,,
Good morning good morning vakman,,,,
Iâ€™m with the shits,,,,
I dont know wth going on in there i go downstairs,,,,
ğŸ˜‚ğŸ˜‚ğŸ˜‚ğŸ˜‚,,,,
IMG_20181001_130916_103.gif,,,,
Day 1...,,,,
Wait hold on my brothers and sisters amir how you almost get punched on by some gay brothers?,,,,
I skimmed saw somebody was a queen,,,,
I used deductive reason and assumed the brothers were queens,,,,
*reasoning,,,,
You are absolutely right,,,,
Cause you dont wanna be in the germantown gazette for getting punched on in electronics,,,,
ğŸ˜‚ğŸ˜‚ğŸ˜‚,,,,
IMG_20181002_071346_664.gif,,,,
Have fun Taylorrr ! Enjoyyy yourselfff,,,,
ğŸ˜‚ğŸ˜‚ğŸ˜‚ğŸ˜‚ğŸ˜‚bisco year 1,,,,
ğŸ˜‚ğŸ˜‚ğŸ˜‚,,,,
Bigggg ole ğŸ“ ,,,,
ğŸŒŠ,,,,
Ebo Iâ€™m otw in a hour 30,,,,
ğŸ’¯,,,,
Got you,,,,
Bettty do you need anything?,,,,
Aye i like my liqourrrr straight not gayyy,,,,
Mircat otw,,,,
Mircat 4 mins away,,,,
Outside,,,,
The way Iâ€™m cranking to illenium gotta be a crime,,,,
Gooooood morningggg goooood morning,,,,
It was fire,,,,
Yes maam,,,,
ğŸ˜‚ğŸ˜‚,,,,
Will you Slow down,,,,
I cant deny feel good,,,,
I dont wanna cry in traffic snacking on quest bars,,,,
If you dont see the traffic lights you dont have to listen to em ğŸ’â€â™€ï¸,,,,
Goooood morning goood morning vakman whats the good word,,,,
Oh nvm you cussing out google,,,,
That isss fireeeee,,,,
Oh outside of boombox and my girl AL next week I donâ€™t know jow,,,,
*joe,,,,
Idk joe my set at the â€˜08 watkins mill pep rally was up there,,,,
ğŸ¤¦â€â™‚ï¸ the highlight of your public school career was stink bombs and night school,,,,
Cute,,,,
In reference to them franks and hamburgers,,,,
Maurice where you at tho thats gorgeousb,,,,
Damn kyle you better than scruff mcgruff with the magnify,,,,
I'm down,,,,
ğŸº,,,,
Yes it does,,,,
Nothing,,,,
You a wild child! Happy hour?,,,,
Oh nothing,,,,
http://event.lovebeerfest2018.com,,,,
Random as hell its tomorrow,,,,
Free,,,,
Cashless,,,,
Frustrated cockroach inside yellow circle says watch out in Portuguese,,,,
Oooo,,,,
Yeaaaahh dylan,,,,
Big ğŸ“  Sooo proud of you ğŸ¤—,,,,
Yeahhhhh dylan,,,,
And idkkk joe but Iâ€™m otw to the liqourrr stoo,,,,
Ebo can i pull up onn you like diapers?,,,,
I gottt em,,,,
ğŸ˜‚ğŸ˜‚ğŸ˜‚,,,,
Laughing llama,,,,
Iâ€™m about to get amir,,,,
And head back to the crib,,,,
Show ya where i live,,,,
Lets get drunkkk forget wit weee did,,,,
Ima buy you a drinkkkk,,,,
Ohhhhooooweeeeeee ima take ya home wit me,,,,
Girl no,,,,
Jussss play i got you after i get amir,,,,
Wya,,,,
No not baby vakman we must save him,,,,
Vakman!,,,,
https://soundcloud.com/bitchbitchbitc/flosstradamus-valentino-khan-mfu-m3b8-remix-buyfree,,,,
https://soundcloud.com/forwardthinkers/7th-and-los-angeles-12-57-am,,,,
Amen,,,,
How was your evening!?,,,,
IMG_20181007_101204_398.gif,,,,
http://m.worldstarhiphop.com/apple/video.php?v=wshhc584775T4remHA2c,,,,
Wth,,,,
Oh maurice i see you,,,,
Yeah that link threw me th off i had to check wth i was copying,,,,
Wait Iâ€™m out of the loop eli5,,,,
Boy i took more naps today than hot combs in the south,,,,
Nah you fish food,,,,
4-1 baby get on ps4 so i can talk trash to you,,,,
Deal?,,,,
http://m.worldstarhiphop.com/apple/video.php?v=wshh9rFAcmJ0gM97JUjq,,,,
...yo allo dont like wshh,,,,
All these labeled wrong,,,,
...i was about to wonder how you got that information,,,,
IMG_20181008_080217_851.jpg,,,,
Gooood mawnin,,,,
Ebo you are cheerful this morning,,,,
Nah girl,,,,
You got something planned,,,,
You plottin,,,,
I went to the board for clarification,,,,
...unless,,,,
You already slipped up,,,,
IMG_20181008_094657_417.gif,,,,
IMG_20181008_094705_151.gif,,,,
Fish dont talk,,,,
Communicating and talking 2 different things,,,,
Deaf people can communicate,,,,
IMG_20181008_094839_078.jpg,,,,
Isnt that debate between animal cruelty one side is that they dont struggle with existentialism so fuck it if they die,,,,
Or maybe its altruism or some shit like that but I donâ€™t know i saw a crab jump out a pot and turn the stove off yesterday so I donâ€™t know,,,,
I dont wanna think about the fact that my catfish might be self-aware,,,,
I seen this movie,,,,
What is the bar we setting for smart?,,,,
...,,,,
Thats the christian answer i was waiting for,,,,
We need to eat him.,,,,
One lil bird commit suicide in our microwave now all of a sudden Iâ€™m against animal rights,,,,
Iâ€™m not on trial,,,,
To hell with that dog i wish they made bigger microwaves,,,,
ğŸ˜‚ğŸ˜‚ğŸ˜‚,,,,
IMG_20181008_101326_539.gif,,,,
Listen how about yall just come over for....dinner one night,,,,
IMG_20181008_101416_017.gif,,,,
Nvm,,,,
But its so spacious tho,,,,
ğŸ˜‚ğŸ˜‚ğŸ˜‚ğŸ˜‚ğŸ˜‚,,,,
Big fax i just learned about the power of transistors and magnetic fields at this rate i can harvest a flock of suicidal birds,,,,
...oh hey maurice,,,,
Go back to bed,,,,
Its a dream,,,,
Thats mambo no. 5 sauce,,,,
Play back that azz up,,,,
Yeaaaaheee,,,,
Hitler wasnt alive for Juicewrld kyle read a book bro,,,,
That's a good movie,,,,
Waddle,,,,
Sway,,,,
But we have the technology,,,,
Elon still ceo,,,,
Mm the market for fish legs is heating up,,,,
Those arent pants,,,,
Never seen it,,,,
I'll have to check it out,,,,
I'll check it out,,,,
Not sure,,,,
Uh oh,,,,
Kyle dip,,,,
Youâ€™re the problemmm,,,,
Call us when youâ€™re home,,,,
Where the pussy products at,,,,
When fin?,,,,
Amen,,,,
I was tryna hit a am buffet but these perverts,,,,
ğŸ‘Œ(â—•â€¿â—•)ğŸ‘Œ,,,,
Kike,,,,
Happy hour? I wanna express my right of gluttony at a buffet,,,,
Are we hitting this buffet or is this coupon goin to waste?,,,,
You are satan in satin pants,,,,
Sleepin in lotion?,,,,
you can drown in ur thoughts if they heavy enough,,,,
So scary movie night soon?,,,,
Horror movies,,,,
Can i watch the Jesus Christ Superstar,,,,
Thats not rock and roll,,,,
ğŸ˜‚ğŸ˜‚ğŸ˜‚,,,,
What movie is that from?,,,,
Never seen it,,,,
No idea,,,,
ğŸ‚,,,,
So good,,,,
ğŸ»,,,,
ğŸ·,,,,
ğŸ‘‹,,,,
ğŸ¦,,,,
ğŸ•,,,,
ğŸª,,,,
ğŸ‚,,,,
ğŸ°,,,,
ğŸ¦,,,,
Ok cant stand it Iâ€™m goin to a buffet this is madness,,,,
Got you ima shove it in my eating pants,,,,
I just hit hibachi sushi supreme,,,,
And baybee,,,,
When i tell you Iâ€™m about to lay up like a short boy on a basketball court,,,,
....kyle i meant Iâ€™m about to take my black ass home warm up some egg nog and watch TWD,,,,
Maybe.jpg,,,,
Laid_up.mp4,,,,
might-be-tipsy.mov,,,,
Shoulder_shrug.gif,,,,
I love macklemore,,,,
Yes sit took the holy nap,,,,
And if carl downstairs when i get down there Iâ€™m suplexing him through a table,,,,
Ouch kyle,,,,
Sorry kyle,,,,
You at your moms joint?,,,,
cause if she got tanqueray,,,,
....,,,,
cause 7 8 9?,,,,
...bet Iâ€™m otw,,,,
Aint you downstairs,,,,
Oh nvm,,,,
I got ruler fax,,,,
I know,,,,
I hear somebody belt buckle jingling downstairs?,,,,
Oh thank god,,,,
Malaaaaaaaaaaaa,,,,
I have my malaaaaa pants,,,,
And maaaalaaaady,,,,
Thanks for the info â˜º â˜º,,,,
You're the best,,,,
Your dads name is Withheld now is that German? ğŸ¤”,,,,
r/woosh thats the joke kyle,,,,
Best movies,,,,
Best movies on Netflix,,,,
Babadook was good,,,,
Not gory,,,,
Sold it for me,,,,
I heard the babadook was gay,,,,
Babadook lgbt,,,,
Girl u was sleep,,,,
Get on laser league,,,,
Its lit,,,,
Goooooooooooood morning,,,,
Is black magic this week?,,,,
also i didnt get my tickets for anna lunoe yet,,,,
Mmm,,,,
And thats at dc eagle?,,,,
( ï½¥_ï½¥) oh,,,,
Iâ€™m otw!,,,,
ğŸ”Œ,,,,
Laserrrr leaguee lit af buck,,,,
Yessir,,,,
Wait why would now be the time? Recovery nudes the best nudes,,,,
Big ğŸ“ ğŸ“ ,,,,
And i didnt but fuck it send it Id do a double feature,,,,
Me Amir and anna lunoe part deux,,,,
Good morningg goooood morning we got successful surgery vibes this mawnin and we got a taylor spottin damn vakman you had me thinking it was friday eve,,,,
Fuck it send it lets turn up friday eve eve,,,,
Play mamma got ass,,,,
...nvm google aint ready for lil juve this morning,,,,
Iâ€™m getting my anna lunoe joint,,,,
Today,,,,
Right now send it!,,,,
Where the pussy products at?,,,,
Iâ€™m hitting anna with amir we too will rep it dylan if you could only pick one which one?,,,,
Its the Malaa show at echo on sat,,,,
Absolutely not,,,,
ğŸ‘,,,,
And anna lunoeee,,,,
She was lit,,,,
Damn ima be pushing it yall think its gonna be boomin?,,,,
IMG_20181010_123459_252.png,,,,
ğŸ˜¨douchie?,,,,
IMG_20181010_165357_411.jpg,,,,
No sir got a hot date with some peanut butter and mayonnaise,,,,
Yessir guna make it a 3some,,,,
If the peanut butter thick as its posed to be i might as well make a down payment,,,,
ğŸ’¯,,,,
#staywoke,,,,
IMG_20181010_173832_016.jpg,,,,
...steal me a barrel,,,,
....is anyone down for GC,,,,
Listen ima drop ebo off at work and me and amir out,,,,
Like 12:30 ebo work at 12,,,,
finesse the late lunch,,,,
Yesssir,,,,
Flex onnn em,,,,
IMG_20181011_130223_475.gif,,,,
Mircat Iâ€™m otw to u in 15,,,,
Mircat 5 mins away,,,,
ğŸ˜‚ğŸ˜‚ğŸ˜‚,,,,
Its friday my freaks,,,,
No PAWS,,,,
ğŸ˜‚ğŸ˜‚ğŸ˜‚,,,,
Had to get the funds cleared for a california roll,,,,
Thats james daddy,,,,
Ye and Donnie sheesh,,,,
No invite,,,,
lol,,,,
Thanks,,,,
Carl Iâ€™m starting it 6:30 but ima try that carnitas joint first its supposed to take 80 mins,,,,
So 8 we can hot pot it even tho Iâ€™m not sure how its guna work butttt i got them ribs and ima pick up some premium cuts of walmart meats this afternoon,,,,
IMG_20181012_171230_863.gif,,,,
IMG_20181013_125734_578.gif,,,,
How was black magic?,,,,
Ebo you off today?,,,,
Otw back now,,,,
â™¬Â·Â¯Â·â™©Â¸Â·Â¯Â·â™«Â¸Â¸Thanksâ™¬Â·Â¯Â·â™©Â¸Â·Â¯Â·â™«Â¸Â¸,,,,
Iâ€™m in da cityyyy!,,,,
we be in thaaaa city,,,,
Weee be in tha cityyyy,,,,
Play we in da city,,,,
That looks so good right now,,,,
Dog haus down bethesda?,,,,
Restful sleeps was in full effect,,,,
Lmaooo,,,,
Couldnt have been i only took out my phone to get a song and i dont think malaa played it,,,,
I did have on glasses tho,,,,
Wth,,,,
ğŸ˜‚ğŸ˜‚ğŸ˜‚,,,,
This nigga mercer is fire ğŸ”¥ğŸ”¥ whew,,,,
Anddddddd gooooooood mooooooooorninnnnnnn,,,,
Who frenchy? You said that i thought about coke boyz,,,,
Oh he french fire,,,,
Anna dropped some shit by him i was in the spot about to crack my phone tryna ID it,,,,
You gotta put that good juju in the air,,,,
ğŸ˜‚ğŸ˜‚ğŸ˜‚damn i thought looked in the front for you too,,,,
Big ğŸ“  big vak,,,,
Bacon fudge? ğŸ˜•,,,,
My man,,,,
Goooood night,,,,
Your chinese is horrible,,,,
Dylan i didnt know you spoke mandarin orange,,,,
ğŸ‘(â—•â€¿â—•)ğŸ‘,,,,
Betty we out,,,,
ğŸ’¯,,,,
ğŸ’¸,,,,
ğŸ¬ğŸ‘¶,,,,
Yes they do,,,,
https://www.slapfishrestaurant.com/menu,,,,
ğŸ‘,,,,
Play ice melts drake,,,,
Icyyy,,,,
ğŸ˜‹,,,,
Big kyle what day is the burn fern?,,,,
Walmart got pumpkins a plenty baby we good,,,,
....,,,,
Boy you was tryna carve pumpkin pies,,,,
Hopefully the walmart one,,,,
IMG_20181017_122106_758.gif,,,,
Who told you my trade secrets,,,,
IMG_20181018_082822_756.gif,,,,
Luka baby,,,,
Is kevin knox nice or no?,,,,
cause i need to know if Iâ€™m playing the knicks this years,,,,
Let me watch this man,,,,
Err body look good on highlights,,,,
Good morning,,,,
Good morning abdul the pitbull goood morning ebo,,,,
Laughing llama,,,,
Uh oh uh oh,,,,
Cuffing season is around the corner my brothers,,,,
...and sisters,,,,
IMG_20181018_113051_602.jpg,,,,
Turn the shutter off,,,,
And boop,,,,
Detective Dylan C on the case,,,,
I approve,,,,
ğŸ˜‚ğŸ˜‚ğŸ˜‚,,,,
Myyyy lilll whoreeess,,,,
Lil whores are promising prospects to be future beautiful whores. A whore is a lil who already reached the promised land,,,,
*lil whore,,,,
Mmm okay ebo i see you teachin em the ropes,,,,
Meanwhile Iâ€™m out here about to risk it all for a slice of cheesecake and a brisk tea,,,,
Iâ€™m over here on edge like windows on default settings,,,,
This cheesecake look thicker than himalayan cow ass,,,,
IMG_20181018_193350_896.gif,,,,
What you mean?,,,,
kyle are you vegan boy?,,,,
I almost ate the phone,,,,
Checks out to me,,,,
Cheesecake factory restaurant,,,,
Field of screams maryland,,,,
I never been,,,,
Slippery slope,,,,
Id be up in the room like,,,,
IMG_20181018_193425_613.gif,,,,
IMG_20181018_193427_461.gif,,,,
Bitch...CHEESECAKE factory got the best pizza?,,,,
This gotta be a sham,,,,
You talkin bout crushed red pepper or black pepper?,,,,
...,,,,
IMG_20181018_193440_292.gif,,,,
Girl use all that damn garlic powder you got,,,,
Its like yall niggas expecting dracula got a spice rack full of garlic powder,,,,
No of yourrrr ground beef,,,,
....This is true,,,,
Iâ€™m down slauson wit that thing on me,,,,
They got one?!,,,,
Veyron glide,,,,
List of sophisticated sandwich meats,,,,
Amir i need an inv boy,,,,
ğŸ˜‚ğŸ˜‚ğŸ˜‚ğŸ˜‚,,,,
ğŸš½,,,,
Theifboii,,,,
*Thiefboi,,,,
The clamps,,,,
Happpppyyy fridayyy,,,,
Can't wait,,,,
Really looking forward to it,,,,
Play put you on the game,,,,
Hooray,,,,
ğŸ˜‚ğŸ˜‚ğŸ˜‚,,,,
My nap room the bathroom stakl,,,,
*stall,,,,
IMG_20181019_132415_100.jpg,,,,
Show em some friday cheer,,,,
When they start getting mad just tap em on the nose and say â€œboopâ€,,,,
Hellllo!,,,,
Lets go ğŸ§”ğŸ¿,,,,
Olive Garden restaurant,,,,
Get me some sicilian hashbrowns,,,,
Sounds yummy,,,,
ğŸ˜‚ğŸ˜‚,,,,
Boi,,,,
I make a mean peach cobbler,,,,
....,,,,
...yeah but i bake mine in giant boxes,,,,
Maurice bring the hat,,,,
The Hat restaurant,,,,
Speaking of soundcheck mircat ğŸ¦cant go so he has 2 spare tix,,,,
Baybee,,,,
Bless someone else,,,,
Yah,,,,
I have 2,,,,
â—‰â€¿â—‰ Yes,,,,
Yes we do,,,,
Totally,,,,
Oh,,,,
Iâ€™m laid up this evening,,,,
ğŸ‘€,,,,
IMG_20181019_222137_697.jpg,,,,
IMG_20181019_222144_037.jpg,,,,
Return of innocence?,,,,
Yall still at the taco bar?,,,,
What controller,,,,
Xbox?,,,,
i just let smoove hold it for the evening wth,,,,
Nooooo,,,,
Luke cageee,,,,
Jessica jones is fire tho,,,,
Amir why are you up?,,,,
have u slept?,,,,
Yall niggas at GC,,,,
Iâ€™m going,,,,
Biggg ğŸ“ ğŸ“ ,,,,
Tripping like biggg shoes,,,,
Just started my day off wrong ah,,,,
ğŸ¤¦â€â™‚ï¸she dont call me no more,,,,
ğŸ¤¦â€â™‚ï¸,,,,
Nvm ima just pull up and sit 2 tables behind yall,,,,
Yah yah Iâ€™m down,,,,
Iâ€™m about to go have a mid day alcoholic binge,,,,
But ill be dressed,,,,
And blitzed by 11:05,,,,
And up by 5,,,,
ğŸ˜‚ğŸ˜‚ğŸ˜‚,,,,
Thats illegal tho,,,,
IMG_20181020_113259_917.gif,,,,
Whats butlers?,,,,
ğŸ˜‚ğŸ˜‚ğŸ˜‚,,,,
When?,,,,
Bitch me too,,,,
Iâ€™m out gettin overcharged for burgers and cheese,,,,
Sounds yummy,,,,
Pepper jack and smoked giraffe gouda,,,,
Its hammerhead flavor,,,,
Ohh vak you in?,,,,
Bet lets but em in the instapot,,,,
*put,,,,
And i did find a blackberry cobbler recipe,,,,
And while i cant eat it,,,,
I want to make it,,,,
ğŸ˜•,,,,
I got you with a walmart pumpkin,,,,
Dont even fret,,,,
Boy are you on 355? Cause that shit was doin the cha cha slide all the way to gtown,,,,
IMG_20181020_130923_114.gif,,,,
IMG_20181020_130918_813.jpg,,,,
Awh bitchh,,,,
Butttahhh season,,,,
IMG_20181020_134228_585.jpg,,,,
I do but if vakman comes back and gets jamese,,,,
Ima tryna to finesse,,,,
And we can make it a 3some,,,,
...wait,,,,
Hooray,,,,
Its buttah season baby,,,,
Ebo burn baby burn,,,,
ğŸ˜‚ğŸ˜‚ğŸ˜‚nvm leave her,,,,
IMG_20181020_140131_259.jpg,,,,
Westbrook shoes look like 2K generics,,,,
War ready wit these boys,,,,
IMG_20181020_135345_115.jpg,,,,
Oh nah these all black joints are not the wave,,,,
You guna look like you in rhythm nation wit these joints on,,,,
Dylan i dont know if some girl is guna follow you on instagram or she was guna make a sale,,,,
*tryna,,,,
Iâ€™m wearing your jacket,,,,
ğŸ˜‚ğŸ˜‚ğŸ˜‚ğŸ˜‚ğŸ˜‚ğŸ˜‚omggg,,,,
Lmaoooo,,,,
It truly truly is,,,,
Big fucking ğŸ“ ,,,,
VID_20181021_002807_287.mp4,,,,
What Iâ€™m making tomorrow,,,,
Amir we might goto dc,,,,
Join us,,,,
Join us,,,,
Not sure where yet,,,,
Carl side a hotel party for a convention,,,,
Or oven,,,,
Iâ€™m down at 12 Iâ€™m about to take lynn somewhere for these bottomless mimosas,,,,
Which one?,,,,
Betty,,,,
Who needs a pumpkin?,,,,
Maurice 5 mins away,,,,
How many pumpkins do we need?,,,,
IMG_20181021_152716_280.jpg,,,,
Goood morningg,,,,
ğŸ™Œ,,,,
ğŸŒ,,,,
Iâ€™m going in work rounding up laptops and apple products,,,,
It was fun!,,,,
?! Gourmet hot dogs out of lunchboxes?!,,,,
My man,,,,
ğŸ’¯,,,,
IMG_20181023_092340_763.gif,,,,
Goood morningg goooood morningggg,,,,
ğŸ”¥,,,,
we made the big time,,,,
Then i will get patches on my jeans,,,,
ğŸ˜‚ğŸ˜‚ğŸ˜‚,,,,
Squad Stylist!,,,,
IMG_20181023_095651_073.jpg,,,,
Ebo they not coming back,,,,
Dont @ me,,,,
I cant have a christmas costume for halloween?,,,,
ğŸƒ,,,,
...like jack daniels?,,,,
I want to wear a jheri curl for halloween,,,,
Jack doesnt have a jheri curl,,,,
IMG_20181023_102750_232.gif,,,,
.....brb,,,,
Done too many times girlll,,,,
I could be jack wit a jheri curl,,,,
I could shave my hipbones down,,,,
Wait ebo dylan are yall dressing up ?,,,,
Big ğŸ“ ,,,,
Everybody get white overalls and black shirts,,,,
We can be blackstreet,,,,
Iâ€™m looking up halloween parties,,,,
ğŸƒ,,,,
Lets just get this out the way now...yes Tommys has one; yes i looked that one up first; yes itâ€™s basic; and yes Iâ€™m in the restroom.,,,,
Oh no i was talking bout this weekend,,,,
Like fri and sat its costume parties this weekend,,,,
Oh shit thats right,,,,
Ouch,,,,
Or we could be n sync we got 3-4 days cause if we goto tommys as a group costume we could win open bar,,,,
ğŸ˜‚ğŸ˜‚ğŸ˜‚,,,,
Party cat breach,,,,
ğŸ˜‚ğŸ˜‚ğŸ˜‚goood morning mircat,,,,
Uncle amir,,,,
IMG_20181023_113707_390.gif,,,,
Does everyone still have their ticket?,,,,
IMG_20181023_121814_357.gif,,,,
i was wondering when the vak turned into thanos,,,,
Nvm cause Iâ€™m looking up group costumes,,,,
Beeen done before,,,,
Lets be ambitious,,,,
Lets be,,,,
Carl look like he ready to risk it all,,,,
Cutie,,,,
I probably wont be at the crib until 9 I donâ€™t know if smoovuel guna be there,,,,
Lmao hahaha,,,,
Christmas Sweaters and all,,,,
yall look like a failed abc family sitcom,,,,
I like that pic â˜º,,,,
He look like he in the big brothers program,,,,
...nvm,,,,
Cause he woulda been under investigation,,,,
IMG_20181023_165445_234.jpg,,,,
I woulda screamed,,,,
I thought those was chained recorders,,,,
ğŸ˜‚ğŸ˜‚ğŸ˜‚ğŸ˜‚ğŸ˜‚,,,,
Lmao,,,,
IMG_20181024_121658_498.jpg,,,,
They have couples tinder,,,,
That's a cute cat,,,,
Cute cat cartoon,,,,
Big ğŸ“  Iâ€™m nodding off like hell,,,,
Its 6,,,,
erythirol dont count fiber dont count aint bad cause that joint was fire,,,,
*erythritol,,,,
And nah,,,,
That shit a freebie please believe me,,,,
Bitch we saw and we werent impressed,,,,
I didnt know virtual self was porter robinson,,,,
My dumbass over here like oh Iâ€™m glad niggas giving this,,,,
OFF THE SNEAK,,,,
nigga some burn,,,,
Iâ€™m still recovering from the revelation,,,,
Ghost voices still my favorite song of spring â€˜18 dont care,,,,
Eat my ass,,,,
Haha,,,,
Alisonnn,,,,
Rlll,,,,
Kyle the way this te bote hittin this morning boyy,,,,
IMG_20181025_075830_369.gif,,,,
its part of a well balanced breakfast,,,,
Part of a well balanced breakfast,,,,
Google aint shit,,,,
https://soundcloud.com/teammerks/te-bote-jersey-club-remix-prod-dj-merks,,,,
IMG_20181025_101015_280.gif,,,,
Marathonnn shawtyyy,,,,
Sounds yummy,,,,
Millennials killed american cheese and marriage I thought,,,,
Lmaooooo hold up now i gotta hear it,,,,
God this t pain jointt bumpin like faces in high school locker rooms,,,,
Wheww fab rap like me a lil bit,,,,
Right. Cause thats what i was thinking too,,,,
He mustve got his hands on the joint me and 40 did smh ğŸ¤¦â€â™‚ï¸,,,,
Thats been my family therapist for years,,,,
ğŸ˜‚ğŸ˜‚how many brothers was in that pool?,,,,
cause he made it sound like niggas was ass to ankles,,,,
IMG_20181025_144951_546.jpg,,,,
Ebos leggins PT 2,,,,
and yessir,,,,
IMG_20181025_144956_189.gif,,,,
Bet cause i swear its getting cold and i didnt wanna wear your good ones to go run,,,,
Oooo I was guna go to walmart for a walk anyway these evening; ill check em out,,,,
Oh heavens know by the time i get there its like 6:30 and its quiet nice and tame; mild rush my favorite time babies crying africans complaining and spanish folks buying produce and goya similac,,,,
...yeah Iâ€™m definitely going to wal mart when Iâ€™m off,,,,
Play scatman,,,,
Iâ€™m down Iâ€™m dressing up as a hybrid vak and dylan ...villain,,,,
Iâ€™m over here bumping halsey like Iâ€™m on the verge of something terrible,,,,
Send sadboii jams,,,,
Show pictures of sadboiis,,,,
Smh,,,,
Still aint shit,,,,
Play Lenny â€œsadboiiâ€ Holmes,,,,
Lmaooo,,,,
U st sound ğŸ”¥,,,,
ğŸ—£CAN I HIT IN THE MAWNINNâ€™,,,,
Play can I get a,,,,
Dylan Iâ€™m down if nobody else is!...wait do we even have plans for tomorrow or is it a tommys night?,,,,
Oh wait jamese what are you doing,,,,
This joint came on i was like,,,,
IMG_20181026_120746_282.gif,,,,
IMG_20181026_120951_318.gif,,,,
Thats just a sexy back up,,,,
Cause the dj spinning top 40 from â€˜06,,,,
Lets goo,,,,
....,,,,
no girl,,,,
Iâ€™m hype off rockstars,,,,
Yeah abdul !,,,,
also,,,,
IMG_20181026_152922_921.jpg,,,,
I got scotch daddy,,,,
I needed to be off 20 mins ago,,,,
Its for you boo,,,,
I like it,,,,
lol,,,,
What?,,,,
Yeah,,,,
What?,,,,
I'm fine,,,,
Iâ€™m getting started,,,,
Iâ€™m poured up watching best nfl fights,,,,
Laid up like a fat rat,,,,
Bitch Iâ€™m waiting to do more,,,,
The eagles suck more dick than mia khalifa boy,,,,
Oh she do,,,,
Damn why i almost google busty crab legs,,,,
Th Iâ€™m drinking,,,,
I surely hope so,,,,
Cause i aint even hit 270 and Iâ€™m on some mess,,,,
Goooooooooood morninggg,,,,
Egg noggg is being madee,,,,
IMG_20181027_094406_147.jpg,,,,
...drats,,,,
IMG_20181027_094409_930.jpg,,,,
Unlamee,,,,
IMG_20181027_094412_360.gif,,,,
I just woke up from death slumber â€˜18,,,,
ğŸ˜‚ğŸ˜‚ğŸ˜‚,,,,
Iâ€™m laid up like a fat rat playing red dead,,,,
And I got a hot date with a girl name Hennessy in round 20 mins,,,,
He need more animal print,,,,
Kyle send the inv,,,,
Carl let me see your jacket please,,,,
Why not,,,,
Dylan and vakman just know Iâ€™m wearing this get up next time i see yall,,,,
I even got my dylan hat,,,,
IMG_20181027_231423_917.jpg,,,,
ğŸ˜‚ğŸ˜‚ğŸ˜‚ğŸ˜‚,,,,
Kyle are you still awake?,,,,
ğŸ˜‚ğŸ˜‚ğŸ˜‚ğŸ˜‚ğŸ˜‚,,,,
IMG_20181028_183624_765.gif,,,,
Hopping back in,,,,
ğŸ’šğŸ’šğŸ’š,,,,
How do ya feel?,,,,
Better?,,,,
ğŸ˜‚ğŸ˜‚ğŸ˜‚ğŸ˜‚,,,,
Goood morning!!!,,,,
dylan be smaht about it,,,,
Please do cause nickelback had some bops circa 2005,,,,
Sorry vak i was too busy tryna condense the list,,,,
Jacket Chan!,,,,
gooood morning!,,,,
Goood morning amir,,,,
How do i dislike things on allo?,,,,
Ebo i do declare 11:59pm Wednesday night shall be my last moment to drink before I embark on my journey of *Sobember. I will transfer to you, if you will accept amiably, all of my alcoholic beverages.  |  | **except for aforementioned discussed dates,,
No this Wednesday halloween Iâ€™m giving you all my alcohol,,,,
We have your bday to get alcohol poisoningğŸ’š,,,,
ğŸ˜‚ğŸ˜‚ğŸ˜‚in baltimore?,,,,
All i wanna see is carls infamous jacket,,,,
I need to be in valentine,,,,
I strawberry dont like me right now,,,,
Didnt you set strawberry on fire?,,,,
IMG_20181029_152707_960.jpg,,,,
Bet clean mins too,,,,
Bit by bit,,,,
Damn you got more game than wildlife preservations big vak,,,,
Hit him first,,,,
If he cool wit it swing that ting but if not delete and carry on wit your evening,,,,
ğŸ’¯,,,,
ğŸ˜‚ğŸ˜‚ğŸ˜‚he gotta cut his losses then and let that go cause soon as you respond thats gametime if its a kid,,,,
ğŸ˜‚ğŸ˜‚ğŸ˜‚hell nah dont run that line,,,,
Just let it go and send him shorty number and let him work it out,,,,
If he have two glasses of chardonnay and decide to see what homegirl talking bout thats on him; but dont get in folks mess,,,,
ğŸ’¯,,,,
Big ğŸ–¨ and carry on with your evening,,,,
IMG_20181029_224316_877.gif,,,,
Keep studying and get that cashhh baybeee,,,,
boy we knew that we on to new news,,,,
Thats the good word this tuesday morning yall got me motivated to try something new most definitely most definitely; Taylor Iâ€™m with it big ole ğŸ–¨,,,,
...thats a fax machine...Iâ€™m sorry a FACTZ machine,,,,
big ole ğŸ–¨,,,,
Small ole ğŸ–¨,,,,
ğŸ–¨ | ğŸ“ƒ,,,,
IMG_20181030_102614_348.gif,,,,
...*factz*,,,,
I heard it had pinstripes,,,,
Like beetlejuice,,,,
I will look inside james car in the midnight hour and take photos,,,,
Gooood morning gooood morning ebo,,,,
How u finna act?,,,,
Mmm,,,,
The carbs are guna be ridiculous but Iâ€™m gonna make some before i embark on my *Sobember,,,,
I heard you can make it in the instantpot,,,,
Amir got me thinking about egg nog but this book Antifragile is fire,,,,
Hows your day big vak?,,,,
IMG_20181030_122950_094.jpg,,,,
Ebo lets go champ we can do this,,,,
Kyle you cant burn baby burn?,,,,
....Id have to go sober,,,,
IMG_20181030_130509_635.gif,,,,
WE GOT HA HA CLINTON DIX,,,,
IMG_20181030_162715_712.gif,,,,
Isnt that a whole friday?,,,,
Thats the attire to have; cause Iâ€™m in khakis thats huggin my hips harder than drunk men hold girls in tommys,,,,
Happy halloweeeeen Tho freaks,,,,
I had two cups of that egg nog Iâ€™m walking in like,,,,
IMG_20181031_095123_075.gif,,,,
...Iâ€™m either getting promoted or sent home,,,,
Girl I cant drink/drug myself in sobember nobody said nothing about lingering effects.....brb maybe i can get drunk enough for the weekend today,,,,
You are keeping me accountable by accounting for all the days i could be drinking for today,,,,
ğŸ’š,,,,
Iâ€™m legit dumping all my bottles at 12 so i know its real,,,,
...if theres anything left,,,,
Is this a halloween song?,,,,
The halloween song,,,,
...,,,,
I make a mean blackberry cobbler,,,,
ğŸ˜‚ğŸ˜‚ğŸ˜‚,,,,
Vak i hate you,,,,
Hot dogs,,,,
Taylor did make a mean cheese spread,,,,
Sounds good to me,,,,
Let me get my sweater right,,,,
But if james making chili Iâ€™m staying home,,,,
Can you bring some right-now seasoning,,,,
ğŸ˜‚ğŸ˜‚,,,,
24th,,,,
Nvm abdul you uninvited...vak and taylor uninvite him from your house please,,,,
Dylan just say you wanna host,,,,
Cause Iâ€™m down for the fredrick thanksgiving,,,,
Blackberry cobbler and breath mints,,,,
Ima make you a cobbler,,,,
ğŸ˜‚ğŸ˜‚ğŸ˜‚,,,,
Can i have leftovers of what vakmanâ€™s bringing,,,,
Alexa! ğŸ—£ play sadboi jams,,,,
Dylan - appetite,,,,
IMG_20181031_131006_069.gif,,,,
VID_20181031_163919_380.mp4,,,,
IMG_20181031_194327_426.jpg,,,,
IMG_20181031_194342_833.gif,,,,
IMG_20181031_194351_162.jpg,,,,
That boy airing out his gooch,,,,
Dont dead open inside,,,,
So,,,,
Damn,,,,
Drunk,,,,
Ebo put that mcdonalds in the fridge ...i just heard it was there,,,,
Iâ€™m at work drunk ah belle,,,,
Homegirl said â€œgood morningâ€,,,,
i said,,,,
This the way to start off sobember...drunk,,,,
She thick,,,,
#SOTD,,,,
https://soundcloud.com/kazmofficial/phoebe-ryan-ignitiondo-you-like-drugs-mashup-toyz-radio-edit,,,,
Shout out to Uppies not Downies,,,,
Iâ€™m drunker than college girls in tampa,,,,
Gooooooood morning goooooood morning,,,,
https://soundcloud.com/smookieillson/yo-majesty-club-action-smookie,,,,
Iâ€™m readyyyy,,,,
Fufufufuufufufufufufufufufuf fuckk that shit,,,,
Omg this 6th gear got me hype,,,,
Iâ€™m in here dancing like its the 80â€™s,,,,
2 mins what yall tryna break world records?,,,,
Who taught you my moves maurice,,,,
IMG_20181102_101336_154.gif,,,,
Kyle you might wanna sleep with your chastity belt tonight,,,,
Iâ€™m on that joint,,,,
Track 17 but it might be on the deluxe edition,,,,
We had some disagreements about the song direction,,,,
So i scrapped my verse,,,,
Smh ğŸ¤¦â€â™‚ï¸i held germantown down with that joint too,,,,
ğŸ˜‚ğŸ˜‚,,,,
Ebo i got you babeee,,,,
Where you at?,,,,
baron69mob4363rip,,,,
When do we cook him?,,,,
All these hot jams,,,,
Me smoovuel carl and ebo lobbying now,,,,
We leaving in like 10,,,,
From | To,,,,
Weâ€™re going,,,,
Now,,,,
Taylor we can be otw now,,,,
Scoop the oop,,,,
ğŸ’š,,,,
Tay Keith we 10 mins away,,,,
We outside,,,,
Kk Iâ€™m droppin off ebo,,,,
Iâ€™m about to be on,,,,
I'm on,,,,
I was laid up like a fat rat,,,,
Gained,,,,
IMG_20181104_092345_027.jpg,,,,
Is it chilly outside?,,,,
Is it chilly outside,,,,
IMG_20181104_191651_158.gif,,,,
Boyy carl my car was smellin like dim sum and chicken crumbs for 24 hrs,,,,
IMG_20181105_085040_354.jpg,,,,
Nah halloween clearance shit,,,,
Iâ€™m taking my peace walks,,,,
...dylan i lied Iâ€™m guna be gray and beautiful,,,,
IMG_20181105_085054_544.jpg,,,,
..it turned out horrible,,,,
Drats so we still cant eat him,,,,
Play paula cole i dont want to wait,,,,
Gooooood morningg,,,,
Haters guna say its fake,,,,
I just googled ms cleo,,,,
On my work computer,,,,
And thats a porn name,,,,
And omg,,,,
Iâ€™m waiting for HR to call me,,,,
My man we got the friendsgiving station blinging off,,,,
My man maurice with the signs from the lord that i left the game too early,,,,
And my beautiful squeeze is in bed before 9pm tonight. Aye tonight is alright and ima keep my durag tight,,,,
We can play the word game till the cows come home but this aint no ranch,,,,
Cause you either in the huddle or you out the huddle,,,,
And you sound like you in the bleachers,,,,
Bitch please only thing autistic is this dumb DICKKKK foh,,,,
Put the maurice sign language translation on the premium version,,,,
IMG_20181106_150514_696.jpg,,,,
GOP stand up,,,,
Yeah dylan lean this coterie to the right.,,,,
ğŸ’ª,,,,
Also,,,,
...Nvm its a terrible deal,,,,
IMG_20181106_160615_556.jpg,,,,
Big ğŸ–¨,,,,
Got you what time?,,,,
Drats Ima swing after I leave work around 10.,,,,
Gotcha,,,,
Sober Day most definitely but lawd willing ima still be lifted like push up bras from friday,,,,
No I just wanna be sober on Sat,,,,
Amir your girl coming to baltimore soundstage,,,,
low-res.jpg,,,,
Id go,,,,
IMG_20181107_172047_170.jpg,,,,
ğŸ˜‚ğŸ˜‚ğŸ˜‚,,,,
Ebooooo HAPPPY BIRTHDAYYYY ğŸ’šğŸ’šğŸ¥³ğŸ¥³ğŸ¥³ğŸ¥³,,,,
Play happy ratchet birthday,,,,
Goodnight,,,,
Gooood morning gooood morning lets get itt,,,,
That's a good movie,,,,
I love it,,,,
Good,,,,
I miss you more,,,,
It's true,,,,
It's true,,,,
I miss you,,,,
I swear i was just about to say that...and it still wants to say â€œi miss youâ€,,,,
One of these google developers going through something right now,,,,
I miss you,,,,
Wth,,,,
Really?,,,,
I miss you,,,,
And I miss you too,,,,
ğŸ˜‚ğŸ˜‚ğŸ˜‚,,,,
http://www.superbowlmusicfest.com,,,,
ğŸ˜‚ğŸ˜‚ğŸ˜‚,,,,
Iâ€™m down for the Ja Rule 50 cent b2b,,,,
like Jay-z and Linkin Park all bops from â€˜02,,,,
Count me in ben,,,,
This my chance to hear sexual seduction live!,,,,
Maam I dont use spotify do you have the napster link?,,,,
Add it to my rhapsody,,,,
I remember I held a tape recorder to the radio to record all falls down and an eastern motors commercial came on after took all the emotion out the song,,,,
But....hiijinx mucho excited,,,,
I shall make this my mission,,,,
Iâ€™m tryna get drunk with the sorting hat on,,,,
VID_20181108_170755_713.mp4,,,,
No,,,,
But i shall be passing a celebratory bottle to Lord Ebony of Corinthian Ct,,,,
r/OutOfTheLoop,,,,
I'll check them out,,,,
Like 7,,,,
Dylan Iâ€™m down with the Goth Moth,,,,
Goooood morning,,,,
A1 happy b-day baybeee,,,,
Play rich the kid water,,,,
Smh ğŸ¤¦â€â™‚ï¸nvm,,,,
Slim Pug,,,,
Inv the boy cole griffey,,,,
Coledre@sexycoeds.biz,,,,
Bet tiger mart post game celebration,,,,
Boy we using ternary operators in â€˜18 but now that I have your source code Iâ€™m selling it to facebook,,,,
IMG_20181109_125613_194.gif,,,,
You're welcome,,,,
Laughing llama,,,,
IMG_20181109_140554_130.gif,,,,
That girl good,,,,
IMG_20181109_140606_916.gif,,,,
Goth Vibes,,,,
I was thinking of this,,,,
IMG_20181109_140711_547.jpg,,,,
Butttt who am I kidding all of them buckles Iâ€™d look like a family sized sedan am I right am I right ?,,,,
No i was probably guna throw on some leather some distressed jeans and some jays let em know Iâ€™m still from the south side ğŸ’¯,,,,
My brothers I give yall the offensive rebound of missed shots,,,,
IMG_20181109_141555_994.jpg,,,,
That was molly night!,,,,
You can see it in my eyes,,,,
I was ready to eat faces,,,,
Girl that song is fire...and brimstone,,,,
Lmao ong,,,,
Pics nickss,,,,
IMG_20181109_152744_928.gif,,,,
You got the sting cut anyway,,,,
IMG_20181109_152753_089.jpg,,,,
â€œWho is stevie nicksâ€,,,,
Family,,,,
Tell me you have a hat,,,,
Cute,,,,
Iâ€™m off early,,,,
IMG_20181109_161709_549.gif,,,,
Iâ€™m here now,,,,
Kyle did i leave the glasses in your backseat?,,,,
Thank you,,,,
Laughing llama,,,,
You gotta call amir when you on 270,,,,
Angry cockroach inside red circle says don't even think in Portuguese,,,,
ğŸ˜‚ğŸ˜‚ğŸ˜‚ğŸ˜‚goalsssss,,,,
Man i thought these niggas was guna have the feast all they got is bagels and scrambled eggs like Iâ€™m some god damn mormon,,,,
You Just lie like a rug,,,,
Will you goto bed,,,,
Ithink he said 8:30,,,,
We watching train to busan,,,,
And bruh this shit lit ah,,,,
Iâ€™m not,,,,
I got my moving clothes in the trunk but those can quickly turn into golden corral clothes,,,,
Play back that azz up,,,,
Yeahhh heeeh,,,,
ğŸ˜‚ğŸ˜‚,,,,
montez,,,,
Drats,,,,
Let me get a pot pie wit an egg cracked over it,,,,
Laughing llama,,,,
A drequest,,,,
Love it,,,,
Yeah this shit should be rappin up fairly soon,,,,
Hot dog boys,,,,
Looks like they are having fun,,,,
39.00199409,-77.08690971136093 - 4301 Jones Bridge Rd, Bethesda, MD 20814, USA
ğŸ˜‚ğŸ˜‚ğŸ˜‚ğŸ˜‚ahhhh,,,,
Dias,,,,
I dont speak creole,,,,
And gibberish,,,,
Gooood morning goood morning,,,,
ğŸ˜‚ğŸ˜‚kyle i saw your call wya?,,,,
Laughing llama,,,,
Iâ€™m am going to ether that man by the grace and glory of god,,,,
Dylan is it a joke that translates to text?,,,,
Because i want to laugh at kyle,,,,
Angry cockroach inside red circle says don't even think in Portuguese,,,,
IMG_20181113_111854_589.gif,,,,
IMG_20181113_112757_667.gif,,,,
IMG_20181113_115014_249.gif,,,,
ğŸ˜‚ğŸ˜‚ğŸ˜‚ğŸ˜‚,,,,
Gooooooooood morning good morning,,,,
Will you do some work,,,,
ğŸ˜‚ğŸ˜‚ğŸ˜‚,,,,
Let me send that to my barber,,,,
Goood morning vakman,,,,
ğŸ˜‚ğŸ˜‚bitch if you bring some god damned canned corn,,,,
And Iâ€™m down charlie brown,,,,
I make a mean shepards pie,,,,
Well you already know you see me you see the squad issa gang,,,,
https://soundcloud.com/slushiimusic/bow-down-1,,,,
Amir why you aint tell me slushman was droppin shit like this in â€˜18,,,,
Iâ€™m over here hyperventilating,,,,
Just put em down as soft maybeâ€™s,,,,
Whats the rush honey bunch? You setting a table?,,,,
Well Iâ€™m a hundred percent down like jay sean in â€˜08,,,,
You came out in 09,,,,
....,,,,
Mind ya business,,,,
She is truly not,,,,
Iâ€™m bringing cobbler and chitlins and hog maws,,,,
Goood Friday,,,,
Kyle that shit all soundcloud go my love,,,,
Except for tints,,,,
Let me hear this slushii,,,,
IMG_20181116_095032_092.jpg,,,,
Ooo that crop.jpg,,,,
IMG_20181116_175815_363.jpg,,,,
Strictly for my jeeps,,,,
Goooood morningg,,,,
Goooood morninh,,,,
We danced the whole night throughh,,,,
Goooood morning goooood mawnin,,,,
Toooo youuu,,,,
Gooood morning,,,,
Gooood morning,,,,
Its great to stay uppp late,,,,
Gooood morning my dawlinn tooo youuuu,,,,
I have one,,,,
Are yall coming down at all today or just staying in baltimore....addendum question are yall going to the rave tonight?,,,,
Kk got my ticket,,,,
Kk dylan bring your laptop i have to check chargers,,,,
Allldayy baltimore festt,,,,
Looks good,,,,
I been up here watching The Color Purple for 30 mins waiting to see prince,,,,
....ğŸ¤¦â€â™‚ï¸,,,,
ğŸ˜‚ğŸ˜‚ğŸ˜‚i was thinking damn he really building these characters showing they ancestors,,,,
Tay Keith I dont mind driving but vakman if you have room can I ride with yous boos? Cause Iâ€™m getting unseasonably drunk today,,,,
ğŸ—£Alexa send â€œthank youâ€ to vakman,,,,
IMG_20181117_115630_704.jpg,,,,
Whoreeeechata timeee,,,,
If Iâ€™m irresponsive in 30 mins Iâ€™m stretched out on the broken down canopy outside,,,,
Amir you off today?,,,,
Bet,,,,
Lap up boys,,,,
Drats,,,,
Also if youâ€™re in the area,,,,
Iâ€™m making brunch that i cant eat,,,,
Please grab a plate and leave,,,,
IMG_20181117_122917_362.jpg,,,,
IMG_20181117_122915_361.jpg,,,,
IMG_20181117_122909_503.jpg,,,,
Godspeed spiderman,,,,
Jamese are you coming to the rave? Say you will,,,,
So jealous,,,,
Like a country boy use apple butter,,,,
ğŸ˜‚ğŸ˜‚i said â€œI aint change like 20 dollarsâ€,,,,
Bathroom Stall Scripture Writing is 97% of my work day,,,,
IMG_20181120_003327_244.jpg,,,,
IMG_20181120_094820_520.jpg,,,,
If you were wondering why you lost in fantasy football,,,,
Carl Iâ€™m going to attack your life points the next time i see you,,,,
You just knew bob was sycing joyner since last night,,,,
IMG_20181121_105116_646.jpg,,,,
IMG_20181121_105120_732.gif,,,,
So we just guna skip over black friday,,,,
Amir you better stop!,,,,
And dylan can we please see this country delicacy please?,,,,
If it aint already facedown in the garbage,,,,
Bring me a slice,,,,
I just want one of them struggle plates,,,,
Did anybody make chitlins at your work function?,,,,
Cause Iâ€™m about to apply bow,,,,
IMG_20181121_105230_234.gif,,,,
Brothers is mackin,,,,
James can we see some highlights of your tinder game?,,,,
ğŸ˜‚ğŸ˜‚ğŸ˜‚haha,,,,
IMG_20181121_110530_511.jpg,,,,
Iâ€™m off at 3:30,,,,
Lets get it,,,,
What movie is that from?,,,,
I never saw the first one but fuck it Iâ€™m with it,,,,
She is cold on the low,,,,
...or it might be on the high I donâ€™t know,,,,
Sarah silverman,,,,
Pictures,,,,
....The high,,,,
I gathered a platoon to hit tommys for thanksgiving eve,,,,
She got unknown sex appeal,,,,
Like that teach in HS that used to flirt with the seniors,,,,
They already playing santa claus is coming to town on the radio,,,,
Where at Jarl Carl?,,,,
Cause if you talking about shoneyâ€™s,,,,
IMG_20181121_151814_454.jpg,,,,
Boy that chili is low carb ah belle,,,,
Is chili low carb,,,,
....nvm,,,,
Girl walmart is a paragon of elegance what you talkin?,,,,
IMG_20181121_151837_014.jpg,,,,
Ebo,,,,
IMG_20181121_151846_379.jpg,,,,
Please you mean wake up early to hit somebody ğŸš«ğŸ§¢ Iâ€™m in the mood to score 18 touchdowns,,,,
You might have to play both ways like a bisexual,,,,
IMG_20181121_151905_673.gif,,,,
You mean somebody funding our friendsgiving,,,,
Kyle rally the troops call big woz and resurrect kreamy keem,,,,
ğŸ˜•nvm kreamy keem wasnt that nice but the nightshade back,,,,
IMG_20181121_151915_050.gif,,,,
*put,,,,
Kyle are you guna ball?,,,,
ğŸ˜‚ğŸ˜‚ğŸ˜‚ğŸ˜‚,,,,
Kyle otw to the field,,,,
Play through the storm,,,,
Betty,,,,
Ebo did you get these leggins?,,,,
these things warm ah!,,,,
Maybe somebody at the field,,,,
Will do,,,,
Mmm,,,,
Its looking promising,,,,
Fingers crossed,,,,
Same to you,,,,
Happy thanksgiving vakman,,,,
And amir heavens no,,,,
I would beat the breaks off f cox,,,,
IMG_20181122_123205_960.jpg,,,,
Kyle you said you wouldnt tell,,,,
Abdul you burning today?,,,,
Mmm yall bringing out the fire plates,,,,
Vak got the best seat in the house with the worst lunch,,,,
Oh Nvm i thought you had all entrees,,,,
Can you bring me back a plate?,,,,
IMG_20181122_145129_570.gif,,,,
Tay keith happy thanksgiving love you too ğŸ˜ğŸ˜damn that pie brightened my eye,,,,
Kyles text me your moms address,,,,
Not a good deal,,,,
Faxxx,,,,
Kk Iâ€™m still at smooves parents laid up hoping moms gets up and makes more deviled eggs before i throw a temper tantrum,,,,
Bitch Iâ€™m way ahead of you,,,,
Sandwich bag pockets,,,,
Bet,,,,
Milestone?,,,,
Home,,,,
I got you germantown been waiting for  the gospel big kyle,,,,
Logic aight but he a gaithersburg brother,,,,
Germantown stand up,,,,
Iâ€™m at work lookin like,,,,
Who got a facemask,,,,
Like eminem in his heyday,,,,
Them duckboots are proper been plottin on them tings for years boiii,,,,
Animals,,,,
Play ohio players fire,,,,
Amir you the realest,,,,
But i got the black friday sale we all been waiting for,,,,
ğŸ˜‚ğŸ˜‚ğŸ˜‚red dead redemption 2,,,,
lmao they were not playin,,,,
IMG_20181123_134428_505.jpg,,,,
How Iâ€™m spending the rest of the fay,,,,
ğŸ˜•google is wild,,,,
Good morning eboo,,,,
Kyle having a â€œme dayâ€,,,,
...dylan if i bring chitlins saturday,,,,
....,,,,
you childish,,,,
Iâ€™m about to get an air bnb to make chitlins,,,,
Play mary j blige real love,,,,
We playing all 1800â€™s bops today,,,,
Play robert volkmann piano trio no 1,,,,
That is a deal,,,,
How much all together?,,,,
Does it come with the color bulb or just the white?,,,,
Not bad,,,,
Yall about to walk out like,,,,
IMG_20181123_145608_311.png,,,,
Damonnn,,,,
Tell him the mix is coming,,,,
And nana cant save em now,,,,
Carl i still have your bottle btw,,,,
If its still here at promptly 11/30 11:59pm I cant guarantee itll be here 12/1 12:00am,,,,
Yes maam,,,,
Anyone allergic to avocado?,,,,
Betti spaghetti,,,,
13:07 Turkey sliders getting prepped,,,,
Currently playing: Michael Jackson - Workinâ€™ Day and Night,,,,
Laughing llama,,,,
Angry cockroach inside red circle says don't even think in Portuguese,,,,
What time you guna be good?,,,,
We gettin amir now,,,,
Then we otw,,,,
ğŸ’šğŸ’šğŸ’šğŸ’šğŸ’š,,,,
Dylan god damn this buffalo dip lawddddd,,,,
Got you,,,,
Good morning good morning,,,,
Ebo wth goin on this mornin,,,,
Play t pain rap song,,,,
..you aint shit,,,,
Right on time,,,,
Thats real,,,,
ğŸ’¯,,,,
amir I have CBT Nuggets A+ videos I got you with a laptop ill put them on there and drop it off for you tonight,,,,
Boy Sat 12:00am Iâ€™m about to be drunk AH,,,,
Happy birthday,,,,
Any big plans?,,,,
Happy Birthday GIF,,,,
Happy Birthday GIF images for Whatsapp,,,,
Birthday wishes to a best friend?,,,,
IMG_20181127_143415_803.jpg,,,,
We in here huddled up near nabisco cookies,,,,
Active shooter on base,,,,
ğŸ¤·â€â™‚ï¸,,,,
Iâ€™m in here stretching,,,,
Cause i hear one brother sneeze loud,,,,
IMG_20181127_143653_654.gif,,,,
Man Iâ€™m fighting for my life and you fighting for high cholesterol,,,,
I wrote it,,,,
Iâ€™m about to start streaming and yelling,,,,
Eat my ass we goin viral baby,,,,
IMG_20181127_144125_042.gif,,,,
ğŸ¦¹â€â™‚ï¸,,,,
Carl guna get lit up at the gate,,,,
Them things looking thick too,,,,
Bitch tryna find reason,,,,
Update from the people,,,,
IMG_20181127_144543_076.jpg,,,,
Tensions rising,,,,
ğŸ˜‚ğŸ˜‚ğŸ˜‚this nigga was in the closet with his hands up ğŸ˜‚ğŸ˜‚ğŸ˜‚omg,,,,
....gimme durk,,,,
Iâ€™m in lookin up the nutritional facts of the snacks in here,,,,
They arresting folks at walter reed,,,,
The diet dont die tho my soul may,,,,
If bobby anywhere near my funeral pick me up,,,,
I wonder if they guna let us take comp days tomorrow for this duress,,,,
I hope I get interviewed at the gate,,,,
Anybody need something promoted?,,,,
Bet,,,,
â€œIt was scary but thank god I had party cat memesâ€,,,,
IMG_20181127_145926_256.jpg,,,,
Bet let me brew up these tears,,,,
Update we got arrests,,,,
IMG_20181127_150128_301.jpg,,,,
I have no idea cause Iâ€™m still leaning on nabisco crackers eyeing potato chips,,,,
So if the active shooter warning off i dont wanna know,,,,
IMG_20181127_150349_335.jpg,,,,
Yep Iâ€™m about to lay up till security peel me off these vanilla wafers,,,,
Right?!,,,,
These nasty niggas,,,,
Told me nothing,,,,
Iâ€™m tryna get comfortable,,,,
This cookies getting soft ah,,,,
I got on a jacket so the shooter aint the only one with heat on em,,,,
Man weâ€™d be dead in 8 mins with how loudly Id be getting cussed out,,,,
IMG_20181127_152114_440.jpg,,,,
Active Shooter UPDATE 1.05  |  â€¢It might be over |  â€¢Iâ€™m hot AH |  â€¢We cleared,,,,
now Iâ€™m definitely about to play cuz with his hands up in the closet,,,,
....,,,,
...,,,,
IMG_20181127_152732_319.jpg,,,,
Bet well now we all know how to handle an active shooter situation,,,,
Find nabisco cookies,,,,
Get a lockdoor stock up on gifs and boom its a drill,,,,
I see you on amazon publishing house,,,,
All that missed reddit karma,,,,
My favorite meme of all time,,,,
I have no idea,,,,
But god is good all the time and all the time god is good,,,,
Oooo thats one way to celebrate new life but i plan on being titfaced drunk friday evening,,,,
Amir are you off today?,,,,
Girl me too if i died in sobember id need a refund and dylan those are cold hard facts,,,,
Amir are you off?,,,,
Oh shit i didnt even notice,,,,
tic toc is ğŸ”¥,,,,
The mala joint too,,,,
IMG_20181128_093700_057.gif,,,,
Feefa a Bop,,,,
IMG_20181128_093703_943.gif,,,,
Kanga too,,,,
Oooo the tati came on,,,,
IMG_20181128_093708_273.gif,,,,
Bitch these are the titles,,,,
His autocorrect off,,,,
Ebo good morning good morningg,,,,
Carl shalon,,,,
*shalom,,,,
And shaolin,,,,
Iâ€™m down brown,,,,
Where is that?,,,,
https://soundcloud.com/1kyda/how-to-lose-a-girl-in-10-days,,,,
Yes maam,,,,
This podcast is ğŸ”¥ that paper reference had me like,,,,
Dylan has been the star,,,,
Her and maurice perfect these 2 got two whole different sides on errthing,,,,
Boy you not gettin in boy,,,,
ğŸ’¯Iâ€™m down and ima try to not say tr3way more than 69 times,,,,
Bet,,,,
Bett,,,,
ğŸ˜‚ğŸ˜‚ğŸ˜‚ğŸ˜‚,,,,
Ehhehhehhehe vak goto bed,,,,
Liquid stranjahhh,,,,
ğŸ¤©ğŸ¤©ğŸ¤©,,,,
ğŸ˜‚ğŸ˜‚ğŸ˜‚,,,,
Laughing llama,,,,
Dylan did i leave a beanie and durag there?,,,,
Tankss babe,,,,
Vakman will you go home,,,,
Amazing breakfast,,,,
Good morning,,,,
Brother just had to run for the bus like a real one cause i aint know which socks to wear,,,,
Dylan give me this joint,,,,
Laughing llama,,,,
Iâ€™m here for huntington beach bad boy abdul,,,,
Nah its the boy anuel,,,,
Nigga got all bops,,,,
They released kareem,,,,
Iâ€™m drunker than moscow soldiers,,,,
How was the liquid man and ğŸŒ,,,,
Goto bed,,,,
Was it at echo?,,,,
Is this just the new normal?,,,,
cause i swear echo sound has been low ah lately,,,,
RIP lil whore,,,,
IMG_20181201_102041_696.jpg,,,,
Somebody left a pack of cool jacks,,,,
ğŸ˜ğŸš¬,,,,
Have you tried throwing it in the trash?,,,,
Bitch Iâ€™m tryna help you and you stating anecdotal fictions,,,,
....truths,,,,
Decoup,,,,
ğŸ™…â€â™‚ï¸,,,,
IMG_20181202_094214_834.gif,,,,
Drats,,,,
Can we see some prices,,,,
He look like a 70â€™s actor,,,,
Gooood morning gooood morning,,,,
Sport bars nearby,,,,
Drats,,,,
Betty,,,,
Jamese i need to link up with you too for them headphones pleighboi,,,,
Bdubs the classic,,,,
Weds a federal holiday stay woke,,,,
Tuesday Iâ€™m getting drunker than himalayan muskrats,,,,
Maurice that is a wonderful picture,,,,
ğŸ‘†,,,,
Smoove you dipped?,,,,
Yall nasty niggas,,,,
IMG_20181204_111450_706.jpg,,,,
Bet daddy how much for the tell belle,,,,
We guna be ass to ankles,,,,
Let me leave this love note on the window,,,,
IMG_20181204_094250_980.gif,,,,
Thats cause you using a blackberry pearl,,,,
Gooooooooooooooood Morninggg gooooood morning,,,,
( ï½¥_ï½¥) oh,,,,
Is it not for yall?,,,,
See what happen when you leave godâ€™s grace #teamiPhone,,,,
Smugggleee,,,,
Good morning gooood morning,,,,
Mircat you still wanted to goto at&t?,,,,
Bet what time?,,,,
Goooood morning gooooood morning,,,,
We danced the whole night throughhhh,,,,
Good morninggg goood morning tooooo youuu,,,,
Bet,,,,
Goood morning goooood morning,,,,
Harry called Ebo a honey yellow mustard bitch last night and I aint been right sense,,,,
*since,,,,
*point and case,,,,
Iâ€™m finna pull up after i hit wally world,,,,
Iâ€™m sliding now,,,,
Hurtttt,,,,
Ebo did you find your ID?,,,,
Bet,,,,
I ended up around some white folks,,,,
IMG_20181209_121434_309.jpg,,,,
Drinking bourbon and diet soda from wine glasses,,,,
ğŸ˜‚ğŸ˜‚,,,,
Ayeee,,,,
Did smoove catch the work?,,,,
IMG_20181209_121520_612.gif,,,,
Gooooood morning gooooood morning,,,,
Vakman did you see the discount on those timbs took em to $50,,,,
Laughing llama,,,,
Carpenter shoes,,,,
ğŸ˜‚ğŸ˜‚,,,,
IMG_20181211_155125_979.gif,,,,
IMG_20181211_181340_599.gif,,,,
Aye this joint ğŸ”¥ğŸ˜‚ that rape part,,,,
And girl we told you if you and kyle fall out we trading kyle,,,,
For black and milds,,,,
Gooooood morning ebo,,,,
